{"cameraMode":{"drawMode":0,"name":"Shaded","section":"Shading Mode"},"sceneLighting":false,"audioPlay":false,"sceneViewState":{"showFog":true,"showMaterialUpdate":false,"showSkybox":true,"showFlares":true,"showImageEffects":true,"showParticleSystems":true},"in2DMode":false,"pivot":{"x":-2.0985589027404787,"y":3.5680766105651857,"z":1.1831247806549073},"rotation":{"x":-0.12078512459993363,"y":0.7349179983139038,"z":-0.1358676552772522,"w":-0.65333491563797},"size":0.5715767741203308,"orthographic":false}