{"cameraMode":{"drawMode":0,"name":"Shaded","section":"Shading Mode"},"sceneLighting":true,"audioPlay":false,"sceneViewState":{"showFog":true,"showMaterialUpdate":false,"showSkybox":true,"showFlares":true,"showImageEffects":true,"showParticleSystems":true},"in2DMode":false,"pivot":{"x":-17.40473747253418,"y":6.346590518951416,"z":-6.11556339263916},"rotation":{"x":-0.09050226956605911,"y":-0.9060042500495911,"z":0.33113428950309756,"w":-0.2476203441619873},"size":2.5795936584472658,"orthographic":false}