{"cameraMode":{"drawMode":0,"name":"Shaded","section":"Shading Mode"},"sceneLighting":false,"audioPlay":false,"sceneViewState":{"showFog":true,"showMaterialUpdate":false,"showSkybox":true,"showFlares":true,"showImageEffects":true,"showParticleSystems":true},"in2DMode":false,"pivot":{"x":1.0443613529205323,"y":1.0950422286987305,"z":0.06583758443593979},"rotation":{"x":-0.05529225245118141,"y":-0.7147498726844788,"z":0.05687461420893669,"w":-0.6948673725128174},"size":2.4311861991882326,"orthographic":false}