{"cameraMode":{"drawMode":0,"name":"Shaded","section":"Shading Mode"},"sceneLighting":false,"audioPlay":false,"sceneViewState":{"showFog":true,"showMaterialUpdate":false,"showSkybox":true,"showFlares":true,"showImageEffects":true,"showParticleSystems":true},"in2DMode":false,"pivot":{"x":0.8369978070259094,"y":1.3314011096954346,"z":0.22964732348918916},"rotation":{"x":-0.13752742111682893,"y":-0.2005816251039505,"z":0.028451647609472276,"w":-0.969558596611023},"size":2.4311861991882326,"orthographic":false}