{"cameraMode":{"drawMode":0,"name":"Shaded","section":"Shading Mode"},"sceneLighting":false,"audioPlay":false,"sceneViewState":{"showFog":true,"showMaterialUpdate":false,"showSkybox":true,"showFlares":true,"showImageEffects":true,"showParticleSystems":true},"in2DMode":false,"pivot":{"x":0.0,"y":0.3344467282295227,"z":-0.0394742488861084},"rotation":{"x":-0.026593193411827089,"y":-0.6712662577629089,"z":0.024112029001116754,"w":-0.7403466105461121},"size":2.5407493114471437,"orthographic":false}