{"cameraMode":{"drawMode":0,"name":"Shaded","section":"Shading Mode"},"sceneLighting":false,"audioPlay":false,"sceneViewState":{"showFog":true,"showMaterialUpdate":false,"showSkybox":true,"showFlares":true,"showImageEffects":true,"showParticleSystems":true},"in2DMode":false,"pivot":{"x":0.39643794298171999,"y":0.27924439311027529,"z":0.01680760085582733},"rotation":{"x":-0.17687590420246125,"y":0.5890031456947327,"z":-0.13407082855701447,"w":-0.777055561542511},"size":0.5715767741203308,"orthographic":false}