{"cameraMode":{"drawMode":0,"name":"Shaded","section":"Shading Mode"},"sceneLighting":false,"audioPlay":false,"sceneViewState":{"showFog":true,"showMaterialUpdate":false,"showSkybox":true,"showFlares":true,"showImageEffects":true,"showParticleSystems":true},"in2DMode":false,"pivot":{"x":0.5041888356208801,"y":0.09090530872344971,"z":0.36544933915138247},"rotation":{"x":-0.10817243158817291,"y":0.6812748312950134,"z":-0.10283257067203522,"w":-0.7166511416435242},"size":0.5715767741203308,"orthographic":false}