{"cameraMode":{"drawMode":0,"name":"Shaded","section":"Shading Mode"},"sceneLighting":false,"audioPlay":false,"sceneViewState":{"showFog":true,"showMaterialUpdate":false,"showSkybox":true,"showFlares":true,"showImageEffects":true,"showParticleSystems":true},"in2DMode":false,"pivot":{"x":2.322374105453491,"y":1.0876482725143433,"z":0.4764576554298401},"rotation":{"x":-0.0717514380812645,"y":-0.6718273758888245,"z":0.0656474158167839,"w":-0.7342957258224487},"size":2.4311861991882326,"orthographic":false}